{"cameraMode":{"drawMode":0,"name":"Shaded","section":"Shading Mode"},"sceneLighting":true,"audioPlay":false,"sceneViewState":{"m_AlwaysRefresh":false,"showFog":true,"showSkybox":true,"showFlares":true,"showImageEffects":true,"showParticleSystems":true,"showVisualEffectGraphs":true,"m_FxEnabled":true},"in2DMode":false,"pivot":{"x":35.10078430175781,"y":-2.0459563732147219,"z":27.681514739990236},"rotation":{"x":-0.08906581997871399,"y":-0.23612236976623536,"z":0.02173948474228382,"w":-0.9673845171928406},"size":23.970922470092775,"orthographic":false}